{
    "FullGame": {
        "checkpoints": [
            {
                "steps": 5999998,
                "file_path": "results\\09_12_21_03\\FullGame\\FullGame-5999998.onnx",
                "reward": 395.6069869995117,
                "creation_time": 1639063761.9115906,
                "auxillary_file_paths": [
                    "results\\09_12_21_03\\FullGame\\FullGame-5999998.pt"
                ]
            },
            {
                "steps": 6499980,
                "file_path": "results\\09_12_21_03\\FullGame\\FullGame-6499980.onnx",
                "reward": 292.95454025268555,
                "creation_time": 1639065844.4136426,
                "auxillary_file_paths": [
                    "results\\09_12_21_03\\FullGame\\FullGame-6499980.pt"
                ]
            },
            {
                "steps": 6999989,
                "file_path": "results\\09_12_21_03\\FullGame\\FullGame-6999989.onnx",
                "reward": 68.49349212646484,
                "creation_time": 1639067995.159581,
                "auxillary_file_paths": [
                    "results\\09_12_21_03\\FullGame\\FullGame-6999989.pt"
                ]
            },
            {
                "steps": 7499911,
                "file_path": "results\\09_12_21_03\\FullGame\\FullGame-7499911.onnx",
                "reward": 163.62677001953125,
                "creation_time": 1639070237.0422778,
                "auxillary_file_paths": [
                    "results\\09_12_21_03\\FullGame\\FullGame-7499911.pt"
                ]
            },
            {
                "steps": 7991477,
                "file_path": "results\\09_12_21_03\\FullGame\\FullGame-7991477.onnx",
                "reward": null,
                "creation_time": 1639072485.9384122,
                "auxillary_file_paths": [
                    "results\\09_12_21_03\\FullGame\\FullGame-7991477.pt"
                ]
            }
        ],
        "final_checkpoint": {
            "steps": 7991477,
            "file_path": "results\\09_12_21_03\\FullGame.onnx",
            "reward": null,
            "creation_time": 1639072485.9384122,
            "auxillary_file_paths": [
                "results\\09_12_21_03\\FullGame\\FullGame-7991477.pt"
            ]
        }
    },
    "metadata": {
        "stats_format_version": "0.3.0",
        "mlagents_version": "0.27.0",
        "torch_version": "1.7.0+cu110"
    }
}